Date,Price (USD),Fuel Type
2003-06-09,74.590284,Petrol
2003-06-16,74.469143,Petrol
2003-06-23,74.423566,Petrol
2003-06-30,74.35242099999999,Petrol
2003-07-07,74.283737,Petrol
2003-07-14,74.206577,Petrol
2003-07-21,75.06524,Petrol
2003-07-28,75.10085500000001,Petrol
2003-08-04,75.124384,Petrol
2003-08-11,75.44451600000001,Petrol
2003-08-18,75.80894799999999,Petrol
2003-08-26,76.053011,Petrol
2003-09-01,76.12585999999999,Petrol
2003-09-08,76.22619,Petrol
2003-09-15,76.19642499999999,Petrol
2003-09-22,76.148709,Petrol
2003-09-29,76.08399,Petrol
2003-10-06,76.432933,Petrol
2003-10-13,75.89752800000001,Petrol
2003-10-20,76.04805999999999,Petrol
2003-10-27,75.99546,Petrol
2003-11-03,75.99625900000001,Petrol
2003-11-10,75.94283,Petrol
2003-11-17,75.926843,Petrol
2003-11-24,76.015098,Petrol
2003-12-01,75.995276,Petrol
2003-12-08,75.970566,Petrol
2003-12-15,75.959063,Petrol
2003-12-22,75.92263600000001,Petrol
2003-12-29,75.939699,Petrol
2004-01-05,75.87677500000001,Petrol
2004-01-12,75.89821599999999,Petrol
2004-01-19,76.36093100000001,Petrol
2004-01-26,76.440479,Petrol
2004-02-02,76.484503,Petrol
2004-02-09,76.50151899999999,Petrol
2004-02-16,76.44050899999999,Petrol
2004-02-23,76.381048,Petrol
2004-03-01,76.32419200000001,Petrol
2004-03-08,76.733069,Petrol
2004-03-15,77.388472,Petrol
2004-03-22,77.440048,Petrol
2004-03-29,77.59061600000001,Petrol
2004-04-05,77.85552200000001,Petrol
2004-04-12,77.884124,Petrol
2004-04-19,78.043833,Petrol
2004-04-26,78.395093,Petrol
2004-05-04,79.275409,Petrol
2004-05-10,80.295772,Petrol
2004-05-17,81.493419,Petrol
2004-05-24,82.125366,Petrol
2004-05-31,82.354683,Petrol
2004-06-07,82.44105,Petrol
2004-06-14,81.54213,Petrol
2004-06-21,81.042514,Petrol
2004-06-28,80.40849499999999,Petrol
2004-07-05,79.87370899999999,Petrol
2004-07-12,80.336299,Petrol
2004-07-19,80.83654299999999,Petrol
2004-07-26,80.86803,Petrol
2004-08-02,80.855708,Petrol
2004-08-09,81.183042,Petrol
2004-08-16,81.25135,Petrol
2004-08-23,81.507866,Petrol
2004-08-31,81.52802,Petrol
2004-09-06,81.369415,Petrol
2004-09-13,81.311183,Petrol
2004-09-20,81.278715,Petrol
2004-09-27,81.625393,Petrol
2004-10-04,82.049086,Petrol
2004-10-11,83.11070900000001,Petrol
2004-10-18,83.349955,Petrol
2004-10-25,83.935908,Petrol
2004-11-01,84.26962,Petrol
2004-11-08,84.3435,Petrol
2004-11-15,84.264193,Petrol
2004-11-22,81.46464499999999,Petrol
2004-11-29,84.165259,Petrol
2004-12-06,84.06227900000002,Petrol
2004-12-13,82.732802,Petrol
2004-12-20,81.46464499999999,Petrol
2004-12-27,81.20071000000002,Petrol
2005-01-03,81.16535400000001,Petrol
2005-01-10,79.83599600000001,Petrol
2005-01-17,78.93423999999999,Petrol
2005-01-24,78.92977300000001,Petrol
2005-01-31,79.540199,Petrol
2005-02-07,79.84330800000001,Petrol
2005-02-14,80.03343299999999,Petrol
2005-02-21,80.150513,Petrol
2005-02-28,80.445568,Petrol
2005-03-07,81.164686,Petrol
2005-03-14,81.635307,Petrol
2005-03-21,82.696926,Petrol
2005-03-28,83.40491899999999,Petrol
2005-04-04,83.91450300000001,Petrol
2005-04-11,85.60885,Petrol
2005-04-18,85.62829799999999,Petrol
2005-04-25,85.50545199999999,Petrol
2005-05-02,85.43958600000002,Petrol
2005-05-09,85.35956,Petrol
2005-05-16,85.26762,Petrol
2005-05-23,84.768938,Petrol
2005-05-30,84.177807,Petrol
2005-06-06,84.012956,Petrol
2005-06-13,84.989146,Petrol
2005-06-20,85.524471,Petrol
2005-06-27,86.73051899999999,Petrol
2005-07-04,87.485988,Petrol
2005-07-11,87.732743,Petrol
2005-07-18,88.54994199999999,Petrol
2005-07-25,88.99942499999999,Petrol
2005-08-01,89.24544999999999,Petrol
2005-08-08,89.66723900000001,Petrol
2005-08-15,90.55781400000001,Petrol
2005-08-22,90.773096,Petrol
2005-08-29,91.415613,Petrol
2005-09-05,94.37419700000001,Petrol
2005-09-12,95.073555,Petrol
2005-09-19,94.414203,Petrol
2005-09-26,93.33200399999998,Petrol
2005-10-03,93.512814,Petrol
2005-10-10,94.24791499999999,Petrol
2005-10-17,94.14224000000002,Petrol
2005-10-24,93.471982,Petrol
2005-10-31,92.788461,Petrol
2005-11-07,92.46507599999998,Petrol
2005-11-14,90.532036,Petrol
2005-11-21,88.608238,Petrol
2005-11-28,87.347023,Petrol
2005-12-05,87.347023,Petrol
2005-12-12,87.20247499999999,Petrol
2005-12-19,87.55727000000002,Petrol
2005-12-26,87.88498600000001,Petrol
2006-01-02,88.03339599999998,Petrol
2006-01-09,88.560045,Petrol
2006-01-16,89.00718,Petrol
2006-01-23,89.54901199999999,Petrol
2006-01-30,89.880272,Petrol
2006-02-06,89.734483,Petrol
2006-02-13,89.64945,Petrol
2006-02-20,89.59634899999999,Petrol
2006-02-27,89.507039,Petrol
2006-03-06,89.36913799999999,Petrol
2006-03-13,89.55454799999998,Petrol
2006-03-20,90.19185,Petrol
2006-03-27,91.16142857142857,Petrol
2006-04-03,91.78407,Petrol
2006-04-10,92.770263,Petrol
2006-04-18,94.229962,Petrol
2006-04-24,95.35167200000001,Petrol
2006-05-01,96.13144799999999,Petrol
2006-05-08,96.460941,Petrol
2006-05-15,96.39147700000001,Petrol
2006-05-22,96.099115,Petrol
2006-05-29,95.36454099999999,Petrol
2006-06-05,95.23702399999999,Petrol
2006-06-12,95.494851,Petrol
2006-06-19,95.44247700000001,Petrol
2006-06-26,94.97182799999999,Petrol
2006-07-03,95.267584,Petrol
2006-07-10,95.694568,Petrol
2006-07-17,96.88188400000001,Petrol
2006-07-24,97.784589,Petrol
2006-07-31,97.82979999999999,Petrol
2006-08-07,98.05166499999999,Petrol
2006-08-14,97.8169,Petrol
2006-08-21,95.743277,Petrol
2006-08-28,94.401263,Petrol
2006-09-04,92.88098000000001,Petrol
2006-09-11,91.48115,Petrol
2006-09-18,89.776636,Petrol
2006-09-25,88.201454,Petrol
2006-10-02,86.94671700000002,Petrol
2006-10-09,86.59741300000002,Petrol
2006-10-16,85.90957900000001,Petrol
2006-10-23,85.735876,Petrol
2006-10-30,85.601777,Petrol
2006-11-06,85.538727,Petrol
2006-11-13,85.487884,Petrol
2006-11-20,85.454279,Petrol
2006-11-27,85.469446,Petrol
2006-12-04,85.4642857142857,Petrol
2006-12-11,87.443625,Petrol
2006-12-18,87.695621,Petrol
2006-12-25,87.904437,Petrol
2007-01-01,87.85318199999999,Petrol
2007-01-08,87.660541,Petrol
2007-01-15,87.095046,Petrol
2007-01-22,86.278868,Petrol
2007-01-29,85.65711499999999,Petrol
2007-02-05,85.61802899999999,Petrol
2007-02-12,86.12264699999999,Petrol
2007-02-19,86.599116,Petrol
2007-02-26,87.066451,Petrol
2007-03-05,87.74497199999999,Petrol
2007-03-12,88.479732,Petrol
2007-03-19,88.93446300000001,Petrol
2007-03-26,89.319931,Petrol
2007-04-02,90.471061,Petrol
2007-04-10,91.17644,Petrol
2007-04-16,91.99401200000001,Petrol
2007-04-23,92.93335,Petrol
2007-04-30,93.45350799999999,Petrol
2007-05-07,94.42637399999998,Petrol
2007-05-14,95.071354,Petrol
2007-05-21,95.705787,Petrol
2007-05-28,96.16221599999999,Petrol
2007-06-04,96.512987,Petrol
2007-06-11,96.613451,Petrol
2007-06-18,96.559407,Petrol
2007-06-25,96.542167,Petrol
2007-07-02,96.35825,Petrol
2007-07-09,96.19622999999999,Petrol
2007-07-16,96.20974600000001,Petrol
2007-07-23,96.232654,Petrol
2007-07-30,96.19660499999999,Petrol
2007-08-06,96.147016,Petrol
2007-08-13,95.99973499999999,Petrol
2007-08-20,95.30602900000001,Petrol
2007-08-27,95.00275399999998,Petrol
2007-09-03,94.80359,Petrol
2007-09-10,94.63448299999999,Petrol
2007-09-17,94.653323,Petrol
2007-09-24,94.912046,Petrol
2007-10-01,96.393333,Petrol
2007-10-08,97.138127,Petrol
2007-10-15,97.19210100000001,Petrol
2007-10-22,97.80583899999999,Petrol
2007-10-29,98.26327599999999,Petrol
2007-11-05,99.36492399999999,Petrol
2007-11-12,100.74229299999999,Petrol
2007-11-19,101.46819400000001,Petrol
2007-11-26,102.129736,Petrol
2007-12-03,102.58212699999999,Petrol
2007-12-10,102.6668,Petrol
2007-12-17,102.599261,Petrol
2007-12-24,102.526972,Petrol
2007-12-31,102.662329,Petrol
2008-01-07,103.370474,Petrol
2008-01-14,103.82266499999999,Petrol
2008-01-21,104.22351599999999,Petrol
2008-01-28,104.22473800000002,Petrol
2008-02-04,104.02678699999998,Petrol
2008-02-11,103.67020199999999,Petrol
2008-02-18,103.695297,Petrol
2008-02-25,104.648274,Petrol
2008-03-03,105.23825299999999,Petrol
2008-03-10,105.95728799999999,Petrol
2008-03-17,106.41453199999998,Petrol
2008-03-24,106.904702,Petrol
2008-03-31,107.10092999999999,Petrol
2008-04-07,107.23669500000003,Petrol
2008-04-14,107.61287,Petrol
2008-04-21,108.571038,Petrol
2008-04-28,109.49959299999999,Petrol
2008-05-05,110.297523,Petrol
2008-05-12,111.042185,Petrol
2008-05-19,112.959507,Petrol
2008-05-26,114.78663800000001,Petrol
2008-06-02,116.026901,Petrol
2008-06-09,116.857143,Petrol
2008-06-16,117.69308400000001,Petrol
2008-06-23,118.439536,Petrol
2008-06-30,118.84484700000002,Petrol
2008-07-07,119.27641,Petrol
2008-07-14,119.438039,Petrol
2008-07-21,119.401111,Petrol
2008-07-28,116.91113999999999,Petrol
2008-08-04,115.060215,Petrol
2008-08-11,113.922513,Petrol
2008-08-18,112.215044,Petrol
2008-08-25,112.02256100000001,Petrol
2008-09-01,112.19775800000001,Petrol
2008-09-08,112.546851,Petrol
2008-09-15,112.51230999999999,Petrol
2008-09-22,110.8102,Petrol
2008-09-29,109.84891,Petrol
2008-10-06,109.452068,Petrol
2008-10-13,107.03952900000002,Petrol
2008-10-20,102.658131,Petrol
2008-10-27,98.622068,Petrol
2008-11-03,97.39964099999999,Petrol
2008-11-10,95.89053,Petrol
2008-11-17,94.83246100000001,Petrol
2008-11-24,92.787666,Petrol
2008-12-01,91.470286,Petrol
2008-12-08,90.156317,Petrol
2008-12-15,89.065689,Petrol
2008-12-22,88.01431000000001,Petrol
2008-12-29,87.344305,Petrol
2009-01-05,85.422569,Petrol
2009-01-12,86.018714,Petrol
2009-01-19,86.19449600000002,Petrol
2009-01-26,87.417686,Petrol
2009-02-02,88.16080099999999,Petrol
2009-02-09,89.27679499999999,Petrol
2009-02-16,90.120513,Petrol
2009-02-23,90.33188900000002,Petrol
2009-03-02,90.28252599999999,Petrol
2009-03-09,90.15357200000001,Petrol
2009-03-16,90.15870399999999,Petrol
2009-03-23,90.16473900000001,Petrol
2009-03-30,91.345055,Petrol
2009-04-06,93.717653,Petrol
2009-04-13,94.10802699999999,Petrol
2009-04-20,94.623218,Petrol
2009-04-27,95.13396200000001,Petrol
2009-05-04,95.595408,Petrol
2009-05-11,96.586976,Petrol
2009-05-18,97.544748,Petrol
2009-05-25,98.89926700000001,Petrol
2009-06-01,99.38500199999999,Petrol
2009-06-08,100.58954800000001,Petrol
2009-06-15,101.979363,Petrol
2009-06-22,102.80786200000001,Petrol
2009-06-29,103.302665,Petrol
2009-07-06,103.566712,Petrol
2009-07-13,102.784542,Petrol
2009-07-20,102.219436,Petrol
2009-07-27,102.17393200000001,Petrol
2009-08-03,102.35533099999999,Petrol
2009-08-10,103.011629,Petrol
2009-08-17,103.955395,Petrol
2009-08-24,104.69857999999999,Petrol
2009-08-31,105.10995600000001,Petrol
2009-09-07,106.850234,Petrol
2009-09-14,106.431934,Petrol
2009-09-21,105.95612400000002,Petrol
2009-09-28,105.43691600000001,Petrol
2009-10-05,104.867458,Petrol
2009-10-12,104.71270100000001,Petrol
2009-10-19,105.084382,Petrol
2009-10-26,106.75587300000001,Petrol
2009-11-02,107.431458,Petrol
2009-11-09,108.10007800000001,Petrol
2009-11-16,108.483895,Petrol
2009-11-23,108.73341,Petrol
2009-11-30,108.792161,Petrol
2009-12-07,108.637429,Petrol
2009-12-14,108.49736899999999,Petrol
2009-12-21,107.466071,Petrol
2009-12-28,107.44304199999999,Petrol
2010-01-04,109.34044399999999,Petrol
2010-01-11,110.72232100000001,Petrol
2010-01-18,111.601865,Petrol
2010-01-25,111.86565400000002,Petrol
2010-02-01,111.905622,Petrol
2010-02-08,111.95014099999999,Petrol
2010-02-15,111.892903,Petrol
2010-02-22,111.564856,Petrol
2010-03-01,112.41734299999999,Petrol
2010-03-08,113.71174400000002,Petrol
2010-03-15,115.458187,Petrol
2010-03-22,116.590958,Petrol
2010-03-29,117.28185100000002,Petrol
2010-04-05,119.286053,Petrol
2010-04-12,119.94229500000002,Petrol
2010-04-19,120.554956,Petrol
2010-04-26,120.987002,Petrol
2010-05-03,121.18373300000002,Petrol
2010-05-10,121.310311,Petrol
2010-05-17,121.303947,Petrol
2010-05-24,119.92543199999999,Petrol
2010-05-31,118.542993,Petrol
2010-06-07,118.204835,Petrol
2010-06-14,117.86583200000001,Petrol
2010-06-21,117.80199100000002,Petrol
2010-06-28,117.877241,Petrol
2010-07-05,117.90912900000001,Petrol
2010-07-12,117.39348100000001,Petrol
2010-07-19,116.84867799999999,Petrol
2010-07-26,116.61429799999999,Petrol
2010-08-02,116.509026,Petrol
2010-08-09,116.345645,Petrol
2010-08-16,116.337238,Petrol
2010-08-23,115.64259799999999,Petrol
2010-08-30,114.98343899999999,Petrol
2010-09-06,114.59094599999999,Petrol
2010-09-13,114.656544,Petrol
2010-09-20,115.06469100000001,Petrol
2010-09-27,115.394465,Petrol
2010-10-04,116.01308499999999,Petrol
2010-10-11,116.78295899999999,Petrol
2010-10-18,117.283602,Petrol
2010-10-25,117.73926400000002,Petrol
2010-11-01,118.17751500000001,Petrol
2010-11-08,118.671395,Petrol
2010-11-15,118.797061,Petrol
2010-11-22,118.988566,Petrol
2010-11-29,119.207667,Petrol
2010-12-06,120.541506,Petrol
2010-12-13,121.681916,Petrol
2010-12-20,122.309134,Petrol
2010-12-27,123.441238,Petrol
2011-01-03,124.85238899999999,Petrol
2011-01-10,127.398126,Petrol
2011-01-17,127.87220300000001,Petrol
2011-01-24,128.352261,Petrol
2011-01-31,128.547955,Petrol
2011-02-07,128.63559800000002,Petrol
2011-02-14,128.725403,Petrol
2011-02-21,128.919145,Petrol
2011-02-28,129.724965,Petrol
2011-03-07,131.28181700000002,Petrol
2011-03-14,132.17616599999997,Petrol
2011-03-21,133.109459,Petrol
2011-03-28,132.43715099999997,Petrol
2011-04-04,132.80587599999998,Petrol
2011-04-11,133.682824,Petrol
2011-04-18,135.060986,Petrol
2011-04-25,135.62120900000002,Petrol
2011-05-02,136.294199,Petrol
2011-05-09,137.052664,Petrol
2011-05-16,136.398636,Petrol
2011-05-23,136.112764,Petrol
2011-05-30,135.56812200000002,Petrol
2011-06-06,135.615024,Petrol
2011-06-13,135.855876,Petrol
2011-06-20,136.026138,Petrol
2011-06-27,134.863166,Petrol
2011-07-04,133.428176,Petrol
2011-07-11,134.17549000000002,Petrol
2011-07-18,134.973448,Petrol
2011-07-25,135.66107599999998,Petrol
2011-08-01,136.066812,Petrol
2011-08-08,136.46350199999998,Petrol
2011-08-15,135.947734,Petrol
2011-08-22,134.559216,Petrol
2011-08-29,134.317576,Petrol
2011-09-05,134.619426,Petrol
2011-09-12,135.003197,Petrol
2011-09-19,135.401808,Petrol
2011-09-26,135.654064,Petrol
2011-10-03,135.021508,Petrol
2011-10-10,134.47208999999998,Petrol
2011-10-17,134.488644,Petrol
2011-10-24,134.659196,Petrol
2011-10-31,134.73461600000002,Petrol
2011-11-07,134.40536799999998,Petrol
2011-11-14,133.67629999999997,Petrol
2011-11-21,133.37502,Petrol
2011-11-28,133.167687,Petrol
2011-12-05,132.777108,Petrol
2011-12-12,132.52799199999998,Petrol
2011-12-19,132.487206,Petrol
2011-12-26,132.40984500000002,Petrol
2012-01-02,132.402509,Petrol
2012-01-09,132.68148,Petrol
2012-01-16,133.294126,Petrol
2012-01-23,133.721121,Petrol
2012-01-30,134.101384,Petrol
2012-02-06,134.253016,Petrol
2012-02-13,134.89741099999998,Petrol
2012-02-20,135.211436268,Petrol
2012-02-27,136.21235,Petrol
2012-03-05,137.303262,Petrol
2012-03-12,137.90142400000002,Petrol
2012-03-19,138.957366,Petrol
2012-03-26,139.480164,Petrol
2012-04-02,140.99301899999998,Petrol
2012-04-09,141.971544,Petrol
2012-04-16,142.172754,Petrol
2012-04-23,141.75902,Petrol
2012-04-30,141.004212,Petrol
2012-05-07,140.136502,Petrol
2012-05-14,138.28657399999997,Petrol
2012-05-21,135.77142,Petrol
2012-05-28,134.37459400000003,Petrol
2012-06-04,134.058286,Petrol
2012-06-11,133.667614,Petrol
2012-06-18,131.99095,Petrol
2012-06-25,131.54592000000002,Petrol
2012-07-02,130.497362,Petrol
2012-07-09,131.056716,Petrol
2012-07-16,131.490128,Petrol
2012-07-23,132.214206,Petrol
2012-07-30,132.777369,Petrol
2012-08-06,133.38968599999998,Petrol
2012-08-13,134.268494,Petrol
2012-08-20,135.72391199999998,Petrol
2012-08-27,137.09820200000001,Petrol
2012-09-03,138.02894799999999,Petrol
2012-09-10,138.90583600000002,Petrol
2012-09-17,139.42084,Petrol
2012-09-24,139.535702,Petrol
2012-10-01,138.432863,Petrol
2012-10-08,138.236786,Petrol
2012-10-15,138.34782,Petrol
2012-10-22,138.292391,Petrol
2012-10-29,136.983599,Petrol
2012-11-05,136.43301499999998,Petrol
2012-11-12,135.086015,Petrol
2012-11-19,134.561207,Petrol
2012-11-26,134.375909,Petrol
2012-12-03,133.049633,Petrol
2012-12-10,132.548633,Petrol
2012-12-17,131.976647,Petrol
2012-12-24,131.951963,Petrol
2012-12-31,131.919558,Petrol
2013-01-07,131.86071500000003,Petrol
2013-01-14,132.000415,Petrol
2013-01-21,132.21391,Petrol
2013-01-28,132.9495,Petrol
2013-02-04,134.380516,Petrol
2013-02-11,135.560969,Petrol
2013-02-18,136.858936,Petrol
2013-02-25,138.49662400000003,Petrol
2013-03-04,139.473306,Petrol
2013-03-11,139.997313,Petrol
2013-03-18,137.582644,Petrol
2013-03-25,137.085944,Petrol
2013-04-01,137.297174,Petrol
2013-04-08,137.30526600000002,Petrol
2013-04-15,137.10880200000003,Petrol
2013-04-22,135.680712,Petrol
2013-04-29,134.66240100000002,Petrol
2013-05-06,133.41651199999998,Petrol
2013-05-13,133.11906,Petrol
2013-05-20,133.17174200000002,Petrol
2013-05-27,133.637928,Petrol
2013-06-03,134.044438,Petrol
2013-06-10,134.29900899999998,Petrol
2013-06-17,134.457688,Petrol
2013-06-24,134.520058,Petrol
2013-07-01,133.44030800000002,Petrol
2013-07-08,133.769304,Petrol
2013-07-15,134.94647799999998,Petrol
2013-07-22,136.036168,Petrol
2013-07-29,136.86846699999998,Petrol
2013-08-05,137.015534,Petrol
2013-08-12,137.13020200000003,Petrol
2013-08-19,136.998616,Petrol
2013-08-28,136.82743200000002,Petrol
2013-09-02,137.13656,Petrol
2013-09-09,137.60209899999998,Petrol
2013-09-16,137.472929,Petrol
2013-09-23,136.953804,Petrol
2013-09-30,133.401682,Petrol
2013-10-07,131.620834,Petrol
2013-10-14,131.674207,Petrol
2013-10-21,131.533006,Petrol
2013-10-28,131.41811599999997,Petrol
2013-11-04,129.921945,Petrol
2013-11-11,129.705026,Petrol
2013-11-18,129.88799799999998,Petrol
2013-11-25,130.033404,Petrol
2013-12-02,130.253998,Petrol
2013-12-09,130.76437099999998,Petrol
2013-12-16,130.96074199999998,Petrol
2013-12-23,130.051881,Petrol
2013-12-30,130.033945,Petrol
2014-01-06,130.256192,Petrol
2014-01-13,130.356349,Petrol
2014-01-20,129.36717099999998,Petrol
2014-01-27,129.02084399999998,Petrol
2014-02-03,128.854164,Petrol
2014-02-10,128.813028,Petrol
2014-02-17,129.156083,Petrol
2014-02-24,129.201905,Petrol
2014-03-03,129.358196,Petrol
2014-03-10,129.385392,Petrol
2014-03-17,128.757185,Petrol
2014-03-24,128.571182,Petrol
2014-03-31,128.76130999999998,Petrol
2014-04-07,128.712843,Petrol
2014-04-14,128.890868,Petrol
2014-04-21,129.1124,Petrol
2014-04-28,129.09442099999998,Petrol
2014-05-05,129.26613199999997,Petrol
2014-05-12,129.497709,Petrol
2014-05-19,129.41837900000002,Petrol
2014-05-26,129.510836,Petrol
2014-06-02,129.63180999999997,Petrol
2014-06-09,129.69266399999998,Petrol
2014-06-16,129.880144,Petrol
2014-06-23,130.142156,Petrol
2014-06-30,130.68705,Petrol
2014-07-07,131.099919,Petrol
2014-07-14,131.111497,Petrol
2014-07-21,131.04472099999998,Petrol
2014-07-28,130.829579,Petrol
2014-08-04,129.626101,Petrol
2014-08-11,129.414383,Petrol
2014-08-18,129.291968,Petrol
2014-08-25,128.342308078489,Petrol
2014-09-01,128.00941659328362,Petrol
2014-09-08,128.34305732556072,Petrol
2014-09-15,128.43335735216516,Petrol
2014-09-22,128.61695035375567,Petrol
2014-09-29,128.59320006130426,Petrol
2014-10-06,126.7849177675948,Petrol
2014-10-13,126.49926711709757,Petrol
2014-10-20,125.40349229072044,Petrol
2014-10-27,125.11373542785068,Petrol
2014-11-03,123.93878706354707,Petrol
2014-11-10,122.94293023483374,Petrol
2014-11-17,122.50137777603679,Petrol
2014-11-24,122.29458215198052,Petrol
2014-12-01,121.17819332596842,Petrol
2014-12-08,119.83314859532217,Petrol
2014-12-15,116.3013020207925,Petrol
2014-12-22,113.66277198261409,Petrol
2014-12-29,113.16029904817108,Petrol
2015-01-05,111.06263896516052,Petrol
2015-01-12,108.86588767255694,Petrol
2015-01-19,106.82572363792367,Petrol
2015-01-26,106.31989007720998,Petrol
2015-02-02,106.04228537981643,Petrol
2015-02-09,106.35479458348546,Petrol
2015-02-16,107.26008264293782,Petrol
2015-02-23,108.34400623996967,Petrol
2015-03-02,109.19915790626507,Petrol
2015-03-09,110.07092717790935,Petrol
2015-03-16,111.03681412344369,Petrol
2015-03-23,111.6473828102704,Petrol
2015-03-30,112.06053744198424,Petrol
2015-04-06,112.37431970848152,Petrol
2015-04-13,112.52205799606996,Petrol
2015-04-20,112.87172797910024,Petrol
2015-04-27,113.55083442185972,Petrol
2015-05-04,114.27048613743514,Petrol
2015-05-11,115.09808401144393,Petrol
2015-05-18,115.73924360687818,Petrol
2015-05-25,116.02439211158249,Petrol
2015-06-01,116.13139585692821,Petrol
2015-06-08,116.25539498811986,Petrol
2015-06-15,116.38640209039085,Petrol
2015-06-22,116.59589142616274,Petrol
2015-06-29,116.55014221623694,Petrol
2015-07-06,116.33630392500584,Petrol
2015-07-13,116.40604037906674,Petrol
2015-07-20,116.78612008860753,Petrol
2015-07-27,116.44193636427696,Petrol
2015-08-03,116.11628672779446,Petrol
2015-08-10,115.48135137748945,Petrol
2015-08-17,114.58300298346417,Petrol
2015-08-24,113.23383571729741,Petrol
2015-08-31,111.20952886901058,Petrol
2015-09-07,110.89572505518143,Petrol
2015-09-14,110.60477062662142,Petrol
2015-09-21,110.60805922018037,Petrol
2015-09-28,109.47372391903127,Petrol
2015-10-05,108.94197130353734,Petrol
2015-10-12,108.9681925453667,Petrol
2015-10-19,109.005456782,Petrol
2015-10-26,108.041284,Petrol
2015-11-02,107.20565400000001,Petrol
2015-11-09,107.14104900000001,Petrol
2015-11-16,107.363804,Petrol
2015-11-23,107.29282900000001,Petrol
2015-11-30,106.966603,Petrol
2015-12-07,106.7497,Petrol
2015-12-14,103.995945,Petrol
2015-12-21,102.33320700000002,Petrol
2015-12-28,102.11324400000001,Petrol
2016-01-04,101.99779000000001,Petrol
2016-01-11,101.88979,Petrol
2016-01-18,101.804621,Petrol
2016-01-25,101.42351000000001,Petrol
2016-02-01,101.360747,Petrol
2016-02-08,101.50899000000001,Petrol
2016-02-15,101.45071200000001,Petrol
2016-02-22,101.390945,Petrol
2016-02-29,101.423439,Petrol
2016-03-07,101.46343900000001,Petrol
2016-03-14,101.70669799999999,Petrol
2016-03-21,102.579706,Petrol
2016-03-28,103.401436,Petrol
2016-04-04,104.509028,Petrol
2016-04-11,105.39057399999999,Petrol
2016-04-18,106.406719101,Petrol
2016-04-25,107.141178,Petrol
2016-05-02,107.81764700000001,Petrol
2016-05-09,108.190747,Petrol
2016-05-16,108.528187,Petrol
2016-05-23,109.12303700000001,Petrol
2016-05-30,109.78612604199999,Petrol
2016-06-06,110.402252706,Petrol
2016-06-13,111.030603,Petrol
2016-06-20,111.222492,Petrol
2016-06-27,111.442885,Petrol
2016-07-04,111.649054,Petrol
2016-07-11,111.89483599999998,Petrol
2016-07-18,111.916519,Petrol
2016-07-25,111.690675,Petrol
2016-08-01,111.045335,Petrol
2016-08-08,109.74854300000001,Petrol
2016-08-15,109.276628,Petrol
2016-08-22,109.634563,Petrol
2016-08-29,110.43269699999999,Petrol
2016-09-05,110.970865,Petrol
2016-09-12,111.31260900000001,Petrol
2016-09-19,111.28576131,Petrol
2016-09-26,111.36347385000002,Petrol
2016-10-03,111.649545748,Petrol
2016-10-10,112.34986100000002,Petrol
2016-10-17,113.721154,Petrol
2016-10-24,115.19915400000001,Petrol
2016-10-31,116.022254,Petrol
2016-11-07,116.558815,Petrol
2016-11-14,116.50150500000001,Petrol
2016-11-21,114.70552900000001,Petrol
2016-11-28,113.72068700000001,Petrol
2016-12-05,113.66443500000003,Petrol
2016-12-12,114.22666000000001,Petrol
2016-12-19,115.000208,Petrol
2016-12-26,115.453509,Petrol
2017-01-02,117.000035,Petrol
2017-01-09,117.97843300000001,Petrol
2017-01-16,118.63427200000001,Petrol
2017-01-23,119.429013,Petrol
2017-01-30,120.01122400000001,Petrol
2017-02-06,120.17708,Petrol
2017-02-13,120.151674,Petrol
2017-02-20,120.19892399999999,Petrol
2017-02-27,120.121737,Petrol
2017-03-06,120.019535,Petrol
2017-03-13,119.802836,Petrol
2017-03-20,118.946847,Petrol
2017-03-27,118.02808513900001,Petrol
2017-04-03,116.92654499999999,Petrol
2017-04-10,117.02166,Petrol
2017-04-17,117.53871200000002,Petrol
2017-04-24,118.14752200000001,Petrol
2017-05-01,118.081905,Petrol
2017-05-08,117.058045,Petrol
2017-05-15,115.60102599999998,Petrol
2017-05-22,115.67225499999999,Petrol
2017-05-29,115.79469332000001,Petrol
2017-06-05,115.820833949,Petrol
2017-06-12,115.69343849,Petrol
2017-06-19,115.11818199999999,Petrol
2017-06-26,114.42645200000001,Petrol
2017-07-03,113.74064700000001,Petrol
2017-07-10,113.577129,Petrol
2017-07-17,113.88767,Petrol
2017-07-24,113.993246,Petrol
2017-07-31,114.16122700000001,Petrol
2017-08-07,114.78238599999999,Petrol
2017-08-14,115.525835,Petrol
2017-08-21,116.04348000000002,Petrol
2017-08-28,116.40229699999998,Petrol
2017-09-04,116.951427,Petrol
2017-09-11,118.14317700000001,Petrol
2017-09-18,118.852492,Petrol
2017-09-25,118.86908100000001,Petrol
2017-10-02,118.13314399999999,Petrol
2017-10-09,117.161768,Petrol
2017-10-16,117.00831112,Petrol
2017-10-23,117.044503789,Petrol
2017-10-30,117.05967799999999,Petrol
2017-11-06,117.574798,Petrol
2017-11-13,118.91045799999999,Petrol
2017-11-20,119.67124500000001,Petrol
2017-11-27,120.12802599999999,Petrol
2017-12-04,119.754926,Petrol
2017-12-11,119.905991,Petrol
2017-12-18,119.97797800000001,Petrol
2017-12-25,120.004005,Petrol
2018-01-01,120.185446,Petrol
2018-01-08,120.52207200000001,Petrol
2018-01-15,120.96234400000002,Petrol
2018-01-22,121.49825800000002,Petrol
2018-01-29,121.69471300000001,Petrol
2018-02-05,121.727217,Petrol
2018-02-12,121.58441200000001,Petrol
2018-02-19,120.516921,Petrol
2018-02-26,119.55083900000001,Petrol
2018-03-05,119.285334,Petrol
2018-03-12,119.11130999999999,Petrol
2018-03-19,119.165947,Petrol
2018-03-26,119.22547800000001,Petrol
2018-04-02,119.42798300000001,Petrol
2018-04-09,119.96192599999999,Petrol
2018-04-16,120.56344551000001,Petrol
2018-04-23,121.44402841800002,Petrol
2018-04-30,122.218777,Petrol
2018-05-07,123.26680999999999,Petrol
2018-05-14,124.32063099999998,Petrol
2018-05-21,125.9261,Petrol
2018-05-28,127.57543233,Petrol
2018-06-04,128.429743263,Petrol
2018-06-11,128.607342,Petrol
2018-06-18,127.924651,Petrol
2018-06-25,127.177041,Petrol
2018-07-02,126.541259,Petrol
2018-07-09,126.97262899999998,Petrol
2018-07-16,127.471738,Petrol
2018-07-23,127.50429199999999,Petrol
2018-07-30,127.537625,Petrol
2018-08-06,128.02388,Petrol
2018-08-13,128.393245,Petrol
2018-08-20,128.789133,Petrol
2018-08-27,129.180537,Petrol
2018-09-03,129.758881,Petrol
2018-09-10,130.241391,Petrol
2018-09-17,130.591181,Petrol
2018-09-24,130.589306,Petrol
2018-10-01,129.97690619,Petrol
2018-10-08,130.14655041499998,Petrol
2018-10-15,130.811042644,Petrol
2018-10-22,130.980519,Petrol
2018-10-29,130.642542,Petrol
2018-11-05,130.106062,Petrol
2018-11-12,128.93599600000002,Petrol
2018-11-19,127.39887600000002,Petrol
2018-11-26,125.770549,Petrol
2018-12-03,124.30094299999999,Petrol
2018-12-10,122.36820900000001,Petrol
2018-12-17,121.024397,Petrol
2018-12-24,120.613842,Petrol
2018-12-31,120.179132,Petrol
2019-01-07,120.27482300000001,Petrol
2019-01-14,119.526061,Petrol
2019-01-21,119.12088641500002,Petrol
2019-01-28,119.28875509800001,Petrol
2019-02-04,119.12663400000001,Petrol
2019-02-11,118.967565,Petrol
2019-02-18,119.04932299999999,Petrol
2019-02-25,119.221758,Petrol
2019-03-04,119.720921,Petrol
2019-03-11,120.104434783,Petrol
2019-03-18,120.47507599999999,Petrol
2019-03-25,120.83399000000001,Petrol
2019-04-01,121.70400244599999,Petrol
2019-04-08,122.664817,Petrol
2019-04-15,124.055507,Petrol
2019-04-22,125.429169,Petrol
2019-04-29,126.360643,Petrol
2019-05-06,127.49724900000001,Petrol
2019-05-13,127.97096900000001,Petrol
2019-05-20,128.509333,Petrol
2019-05-27,129.142569,Petrol
2019-06-03,129.407206,Petrol
2019-06-10,128.885668,Petrol
2019-06-17,127.66077299999999,Petrol
2019-06-24,126.66311600000002,Petrol
2019-07-01,126.48721100000002,Petrol
2019-07-08,126.86261400000001,Petrol
2019-07-15,127.127914,Petrol
2019-07-22,127.809271,Petrol
2019-07-29,128.033777,Petrol
2019-08-05,128.370359,Petrol
2019-08-12,128.361242,Petrol
2019-08-19,128.16598299999998,Petrol
2019-08-26,128.221036,Petrol
2019-09-02,127.864315,Petrol
2019-09-09,127.78941630300001,Petrol
2019-09-16,126.91823550600002,Petrol
2019-09-23,126.77891231400001,Petrol
2019-09-30,126.92396400000001,Petrol
2019-10-07,126.86949499999999,Petrol
2019-10-14,126.90649099999999,Petrol
2019-10-21,126.40242,Petrol
2019-10-28,125.76551399999998,Petrol
2019-11-04,125.558701,Petrol
2019-11-11,125.59399900000001,Petrol
2019-11-18,125.582346,Petrol
2019-11-25,125.319798,Petrol
2019-12-02,124.808783,Petrol
2019-12-09,124.748176,Petrol
2019-12-16,124.32997,Petrol
2019-12-23,124.15753999999998,Petrol
2019-12-30,124.962151,Petrol
2020-01-06,126.085869,Petrol
2020-01-13,127.167392,Petrol
2020-01-20,127.177227,Petrol
2020-01-27,127.33458900000001,Petrol
2020-02-03,125.84808699999999,Petrol
2020-02-10,124.72935999999999,Petrol
2020-02-17,123.796075,Petrol
2020-02-24,123.44644915299999,Petrol
2020-03-02,122.431272,Petrol
2020-03-09,122.24398099999999,Petrol
2020-03-16,120.328169,Petrol
2020-03-23,119.64450399999998,Petrol
2020-03-30,112.452709,Petrol
2020-04-06,110.234797,Petrol
2020-04-13,109.265819,Petrol
2020-04-20,108.632747,Petrol
2003-06-09,76.773394,Diesel
2003-06-16,76.689054,Diesel
2003-06-23,76.620546,Diesel
2003-06-30,76.50525999999999,Diesel
2003-07-07,76.457376,Diesel
2003-07-14,76.40812,Diesel
2003-07-21,76.899144,Diesel
2003-07-28,76.861864,Diesel
2003-08-04,76.812342,Diesel
2003-08-11,77.080738,Diesel
2003-08-18,77.43859,Diesel
2003-08-26,77.675094,Diesel
2003-09-01,77.587704,Diesel
2003-09-08,77.67014,Diesel
2003-09-15,77.626436,Diesel
2003-09-22,77.545842,Diesel
2003-09-29,77.526894,Diesel
2003-10-06,77.661236,Diesel
2003-10-13,77.426488,Diesel
2003-10-20,77.544714,Diesel
2003-10-27,77.510978,Diesel
2003-11-03,77.519974,Diesel
2003-11-10,77.46986799999999,Diesel
2003-11-17,77.517624,Diesel
2003-11-24,77.670648,Diesel
2003-12-01,77.657072,Diesel
2003-12-08,77.62880399999999,Diesel
2003-12-15,77.619338,Diesel
2003-12-22,77.613818,Diesel
2003-12-29,77.60088199999998,Diesel
2004-01-05,77.535648,Diesel
2004-01-12,77.542542,Diesel
2004-01-19,78.05591799999999,Diesel
2004-01-26,78.07987,Diesel
2004-02-02,78.12557399999999,Diesel
2004-02-09,77.98178199999998,Diesel
2004-02-16,77.996952,Diesel
2004-02-23,77.92895999999999,Diesel
2004-03-01,77.869356,Diesel
2004-03-08,78.254358,Diesel
2004-03-15,78.797116,Diesel
2004-03-22,78.924886,Diesel
2004-03-29,79.013482,Diesel
2004-04-05,79.23203299999999,Diesel
2004-04-12,79.270281,Diesel
2004-04-19,79.433369,Diesel
2004-04-26,79.75238499999999,Diesel
2004-05-04,80.64316,Diesel
2004-05-10,81.67530199999999,Diesel
2004-05-17,82.83085200000002,Diesel
2004-05-24,83.479307,Diesel
2004-05-31,83.61211599999999,Diesel
2004-06-07,83.651707,Diesel
2004-06-14,82.60495700000001,Diesel
2004-06-21,82.09426300000001,Diesel
2004-06-28,81.04481700000001,Diesel
2004-07-05,80.511468,Diesel
2004-07-12,81.05485200000001,Diesel
2004-07-19,81.67724900000002,Diesel
2004-07-26,81.69785900000001,Diesel
2004-08-02,81.79326600000002,Diesel
2004-08-09,82.14433500000003,Diesel
2004-08-16,82.327274,Diesel
2004-08-23,82.81943700000001,Diesel
2004-08-31,82.887681,Diesel
2004-09-06,82.9208,Diesel
2004-09-13,82.906787,Diesel
2004-09-20,83.03169500000001,Diesel
2004-09-27,83.461528,Diesel
2004-10-04,83.84076300000001,Diesel
2004-10-11,85.01293,Diesel
2004-10-18,85.33741599999999,Diesel
2004-10-25,86.03438799999999,Diesel
2004-11-01,86.42152700000001,Diesel
2004-11-08,86.54443100000002,Diesel
2004-11-15,86.420849,Diesel
2004-11-22,85.166606,Diesel
2004-11-29,86.361028,Diesel
2004-12-06,86.397681,Diesel
2004-12-13,85.97861900000001,Diesel
2004-12-20,85.166606,Diesel
2004-12-27,85.14009200000001,Diesel
2005-01-03,85.12332,Diesel
2005-01-10,84.865124,Diesel
2005-01-17,83.93943100000001,Diesel
2005-01-24,83.86507700000001,Diesel
2005-01-31,84.22514800000002,Diesel
2005-02-07,84.274849,Diesel
2005-02-14,84.31668000000002,Diesel
2005-02-21,84.35861399999999,Diesel
2005-02-28,84.65119999999999,Diesel
2005-03-07,85.63646600000001,Diesel
2005-03-14,86.10979900000001,Diesel
2005-03-21,87.05538100000001,Diesel
2005-03-28,87.684282,Diesel
2005-04-04,88.3029,Diesel
2005-04-11,89.816453,Diesel
2005-04-18,89.79940900000001,Diesel
2005-04-25,89.62219,Diesel
2005-05-02,89.3,Diesel
2005-05-09,89.45667099999999,Diesel
2005-05-16,89.400207,Diesel
2005-05-23,89.00416799999999,Diesel
2005-05-30,88.38688,Diesel
2005-06-06,88.233068,Diesel
2005-06-13,88.96472500000002,Diesel
2005-06-20,89.54102000000002,Diesel
2005-06-27,90.273144,Diesel
2005-07-04,90.999685,Diesel
2005-07-11,91.888537,Diesel
2005-07-18,92.670518,Diesel
2005-07-25,93.03298699999999,Diesel
2005-08-01,93.26269300000001,Diesel
2005-08-08,93.62754900000002,Diesel
2005-08-15,94.497185,Diesel
2005-08-22,94.67664199999999,Diesel
2005-08-29,95.32691700000001,Diesel
2005-09-05,97.18745000000001,Diesel
2005-09-12,97.88686600000001,Diesel
2005-09-19,97.318895,Diesel
2005-09-26,96.269036,Diesel
2005-10-03,96.613071,Diesel
2005-10-10,97.04892,Diesel
2005-10-17,96.99995600000001,Diesel
2005-10-24,96.79656600000001,Diesel
2005-10-31,96.573725,Diesel
2005-11-07,96.592336,Diesel
2005-11-14,94.918821,Diesel
2005-11-21,93.224741,Diesel
2005-11-28,91.804358,Diesel
2005-12-05,91.804358,Diesel
2005-12-12,91.475918,Diesel
2005-12-19,91.82889399999999,Diesel
2005-12-26,92.12098999999999,Diesel
2006-01-02,92.268669,Diesel
2006-01-09,92.94007099999999,Diesel
2006-01-16,93.186062,Diesel
2006-01-23,93.622726,Diesel
2006-01-30,93.93428499999999,Diesel
2006-02-06,93.85216500000001,Diesel
2006-02-13,93.77411599999999,Diesel
2006-02-20,93.75334400000001,Diesel
2006-02-27,93.68502000000001,Diesel
2006-03-06,93.62707900000001,Diesel
2006-03-13,93.85266100000001,Diesel
2006-03-20,94.42153300000001,Diesel
2006-03-27,94.95047000000002,Diesel
2006-04-03,95.64028799999998,Diesel
2006-04-10,96.400079,Diesel
2006-04-18,97.642412,Diesel
2006-04-24,98.500205,Diesel
2006-05-01,98.900272,Diesel
2006-05-08,98.902568,Diesel
2006-05-15,98.744455,Diesel
2006-05-22,98.497186,Diesel
2006-05-29,97.69296800000001,Diesel
2006-06-05,97.554977,Diesel
2006-06-12,97.752037,Diesel
2006-06-19,97.76583,Diesel
2006-06-26,97.363848,Diesel
2006-07-03,97.60010700000001,Diesel
2006-07-10,97.994595,Diesel
2006-07-17,98.74315899999999,Diesel
2006-07-24,99.40550400000001,Diesel
2006-07-31,99.414105,Diesel
2006-08-07,99.57275,Diesel
2006-08-14,99.446228,Diesel
2006-08-21,97.927852,Diesel
2006-08-28,96.67129499999999,Diesel
2006-09-04,95.92381800000001,Diesel
2006-09-11,95.338222,Diesel
2006-09-18,94.948911,Diesel
2006-09-25,93.513476,Diesel
2006-10-02,92.13032700000001,Diesel
2006-10-09,91.74212,Diesel
2006-10-16,91.591815,Diesel
2006-10-23,91.21580200000001,Diesel
2006-10-30,91.165465,Diesel
2006-11-06,91.12190199999999,Diesel
2006-11-13,91.147111,Diesel
2006-11-20,91.16999400000002,Diesel
2006-11-27,91.16999000000001,Diesel
2006-12-04,91.502345,Diesel
2006-12-11,92.959131,Diesel
2006-12-18,93.25680700000001,Diesel
2006-12-25,93.414743,Diesel
2007-01-01,93.402175,Diesel
2007-01-08,93.11099699999998,Diesel
2007-01-15,91.553679,Diesel
2007-01-22,90.453728,Diesel
2007-01-29,89.69774000000001,Diesel
2007-02-05,89.62709600000001,Diesel
2007-02-12,90.109189,Diesel
2007-02-19,90.54937800000002,Diesel
2007-02-26,91.02319100000003,Diesel
2007-03-05,91.592097,Diesel
2007-03-12,92.16705200000001,Diesel
2007-03-19,92.60557999999999,Diesel
2007-03-26,92.911862,Diesel
2007-04-02,93.90360499999998,Diesel
2007-04-10,94.33473599999999,Diesel
2007-04-16,94.855547,Diesel
2007-04-23,95.389551,Diesel
2007-04-30,95.714406,Diesel
2007-05-07,96.118266,Diesel
2007-05-14,96.46744699999999,Diesel
2007-05-21,96.68869199999999,Diesel
2007-05-28,96.99018500000001,Diesel
2007-06-04,97.19147799999999,Diesel
2007-06-11,97.19968300000001,Diesel
2007-06-18,97.112813,Diesel
2007-06-25,97.123016,Diesel
2007-07-02,96.88715599999999,Diesel
2007-07-09,96.778121,Diesel
2007-07-16,96.785415,Diesel
2007-07-23,96.829441,Diesel
2007-07-30,96.765517,Diesel
2007-08-06,96.719838,Diesel
2007-08-13,96.699594,Diesel
2007-08-20,96.59407000000002,Diesel
2007-08-27,96.367761,Diesel
2007-09-03,96.373106,Diesel
2007-09-10,96.336757,Diesel
2007-09-17,96.44531400000001,Diesel
2007-09-24,96.89606500000001,Diesel
2007-10-01,98.51378700000001,Diesel
2007-10-08,99.09985499999999,Diesel
2007-10-15,99.181411,Diesel
2007-10-22,99.89488599999999,Diesel
2007-10-29,100.694424,Diesel
2007-11-05,102.16035400000001,Diesel
2007-11-12,104.172417,Diesel
2007-11-19,105.28447800000001,Diesel
2007-11-26,106.254374,Diesel
2007-12-03,107.19211200000002,Diesel
2007-12-10,107.473207,Diesel
2007-12-17,107.556386,Diesel
2007-12-24,107.50416000000001,Diesel
2007-12-31,107.605689,Diesel
2008-01-07,108.294534,Diesel
2008-01-14,108.769324,Diesel
2008-01-21,109.089543,Diesel
2008-01-28,109.10698400000001,Diesel
2008-02-04,108.98769500000002,Diesel
2008-02-11,108.86261200000001,Diesel
2008-02-18,108.98832900000001,Diesel
2008-02-25,110.209473,Diesel
2008-03-03,110.903592,Diesel
2008-03-10,112.22829300000001,Diesel
2008-03-17,113.08173300000001,Diesel
2008-03-24,114.401065,Diesel
2008-03-31,114.786378,Diesel
2008-04-07,115.46992700000001,Diesel
2008-04-14,116.50716700000001,Diesel
2008-04-21,118.056865,Diesel
2008-04-28,119.09900300000001,Diesel
2008-05-05,120.36836300000002,Diesel
2008-05-12,121.48515300000001,Diesel
2008-05-19,124.50248300000001,Diesel
2008-05-26,127.214268,Diesel
2008-06-02,128.823004,Diesel
2008-06-09,129.68112399999998,Diesel
2008-06-16,130.662086,Diesel
2008-06-23,131.45034700000002,Diesel
2008-06-30,132.030926,Diesel
2008-07-07,132.552662,Diesel
2008-07-14,132.872053,Diesel
2008-07-21,132.887911,Diesel
2008-07-28,130.71054199999998,Diesel
2008-08-04,128.193622,Diesel
2008-08-11,126.19607800000001,Diesel
2008-08-18,124.09707000000002,Diesel
2008-08-25,123.73582300000001,Diesel
2008-09-01,123.88610200000002,Diesel
2008-09-08,124.196186,Diesel
2008-09-15,124.143165,Diesel
2008-09-22,122.609331,Diesel
2008-09-29,121.64725299999999,Diesel
2008-10-06,121.13648599999999,Diesel
2008-10-13,118.42286,Diesel
2008-10-20,114.310172,Diesel
2008-10-27,111.010963,Diesel
2008-11-03,109.86699700000001,Diesel
2008-11-10,109.12974300000002,Diesel
2008-11-17,108.72693900000002,Diesel
2008-11-24,107.778352,Diesel
2008-12-01,106.56166999999999,Diesel
2008-12-08,104.86512299999998,Diesel
2008-12-15,101.240612,Diesel
2008-12-22,99.93715300000001,Diesel
2008-12-29,99.17337999999998,Diesel
2009-01-05,97.57059500000001,Diesel
2009-01-12,98.31642099999999,Diesel
2009-01-19,98.448597,Diesel
2009-01-26,99.38525,Diesel
2009-02-02,99.821378,Diesel
2009-02-09,100.313083,Diesel
2009-02-16,100.858645,Diesel
2009-02-23,100.81457,Diesel
2009-03-02,100.64411299999999,Diesel
2009-03-09,100.02847,Diesel
2009-03-16,99.821476,Diesel
2009-03-23,99.52095100000001,Diesel
2009-03-30,99.975093,Diesel
2009-04-06,102.143905,Diesel
2009-04-13,102.436117,Diesel
2009-04-20,102.706221,Diesel
2009-04-27,102.829212,Diesel
2009-05-04,102.79798900000002,Diesel
2009-05-11,103.09914,Diesel
2009-05-18,103.366465,Diesel
2009-05-25,103.545961,Diesel
2009-06-01,103.552087,Diesel
2009-06-08,103.77838700000001,Diesel
2009-06-15,104.50103899999999,Diesel
2009-06-22,104.916931,Diesel
2009-06-29,105.052808,Diesel
2009-07-06,105.10804300000001,Diesel
2009-07-13,104.043972,Diesel
2009-07-20,102.99478300000001,Diesel
2009-07-27,102.90580000000001,Diesel
2009-08-03,103.202722,Diesel
2009-08-10,103.79442800000001,Diesel
2009-08-17,104.449727,Diesel
2009-08-24,105.109871,Diesel
2009-08-31,105.50102799999999,Diesel
2009-09-07,107.30015999999999,Diesel
2009-09-14,107.08787800000002,Diesel
2009-09-21,106.79198000000001,Diesel
2009-09-28,106.391081,Diesel
2009-10-05,105.847508,Diesel
2009-10-12,105.68811,Diesel
2009-10-19,106.27989399999998,Diesel
2009-10-26,107.778406,Diesel
2009-11-02,108.510193,Diesel
2009-11-09,109.351895,Diesel
2009-11-16,109.645356,Diesel
2009-11-23,109.871875,Diesel
2009-11-30,109.98578800000001,Diesel
2009-12-07,109.871982,Diesel
2009-12-14,109.568286,Diesel
2009-12-21,109.126373,Diesel
2009-12-28,109.171881,Diesel
2010-01-04,111.075737,Diesel
2010-01-11,112.593144,Diesel
2010-01-18,113.38911099999999,Diesel
2010-01-25,113.711136,Diesel
2010-02-01,113.74896400000002,Diesel
2010-02-08,113.790274,Diesel
2010-02-15,113.678924,Diesel
2010-02-22,112.75824700000001,Diesel
2010-03-01,113.407348,Diesel
2010-03-08,114.683616,Diesel
2010-03-15,116.209882,Diesel
2010-03-22,117.282988,Diesel
2010-03-29,118.206566,Diesel
2010-04-05,120.089487,Diesel
2010-04-12,121.11309399999999,Diesel
2010-04-19,121.743392,Diesel
2010-04-26,122.30851200000001,Diesel
2010-05-03,122.681623,Diesel
2010-05-10,122.81698899999998,Diesel
2010-05-17,122.83394299999999,Diesel
2010-05-24,121.92259700000001,Diesel
2010-05-31,120.75644499999999,Diesel
2010-06-07,120.39722499999999,Diesel
2010-06-14,120.207196,Diesel
2010-06-21,120.388271,Diesel
2010-06-28,120.37993700000001,Diesel
2010-07-05,120.43722799999999,Diesel
2010-07-12,119.782324,Diesel
2010-07-19,119.239922,Diesel
2010-07-26,119.025333,Diesel
2010-08-02,119.028459,Diesel
2010-08-09,118.944106,Diesel
2010-08-16,118.786676,Diesel
2010-08-23,117.90044499999999,Diesel
2010-08-30,117.370968,Diesel
2010-09-06,117.088216,Diesel
2010-09-13,117.17352400000001,Diesel
2010-09-20,117.719341,Diesel
2010-09-27,118.105561,Diesel
2010-10-04,118.970308,Diesel
2010-10-11,119.773901,Diesel
2010-10-18,120.603211,Diesel
2010-10-25,121.174022,Diesel
2010-11-01,121.664442,Diesel
2010-11-08,122.19178500000001,Diesel
2010-11-15,122.505723,Diesel
2010-11-22,122.74464400000001,Diesel
2010-11-29,123.200039,Diesel
2010-12-06,124.61784,Diesel
2010-12-13,125.774781,Diesel
2010-12-20,126.52223799999999,Diesel
2010-12-27,127.68028,Diesel
2011-01-03,129.111593,Diesel
2011-01-10,131.596422,Diesel
2011-01-17,132.3254175,Diesel
2011-01-24,132.997274,Diesel
2011-01-31,133.2537785,Diesel
2011-02-07,133.4733455,Diesel
2011-02-14,133.71364250000002,Diesel
2011-02-21,134.04030500000002,Diesel
2011-02-28,135.05562849999998,Diesel
2011-03-07,136.898185,Diesel
2011-03-14,138.2486415,Diesel
2011-03-21,139.533481,Diesel
2011-03-28,139.037526,Diesel
2011-04-04,139.45921099999998,Diesel
2011-04-11,140.330653,Diesel
2011-04-18,141.33983350000003,Diesel
2011-04-25,142.11112699999998,Diesel
2011-05-02,142.526949,Diesel
2011-05-09,143.0594055,Diesel
2011-05-16,141.498892,Diesel
2011-05-23,140.767373,Diesel
2011-05-30,139.814036,Diesel
2011-06-06,139.582644,Diesel
2011-06-13,139.7712425,Diesel
2011-06-20,140.0541035,Diesel
2011-06-27,138.76678850000002,Diesel
2011-07-04,137.7020295,Diesel
2011-07-11,138.39607999999998,Diesel
2011-07-18,139.36052650000002,Diesel
2011-07-25,139.954891,Diesel
2011-08-01,140.5548395,Diesel
2011-08-08,140.8391405,Diesel
2011-08-15,140.356924,Diesel
2011-08-22,139.044761,Diesel
2011-08-29,138.715473,Diesel
2011-09-05,138.956178,Diesel
2011-09-12,139.3984595,Diesel
2011-09-19,139.86154,Diesel
2011-09-26,140.1402825,Diesel
2011-10-03,139.76582050000002,Diesel
2011-10-10,139.5203975,Diesel
2011-10-17,139.725461,Diesel
2011-10-24,140.19426700000002,Diesel
2011-10-31,140.27105,Diesel
2011-11-07,140.4167345,Diesel
2011-11-14,140.5322435,Diesel
2011-11-21,141.0637135,Diesel
2011-11-28,141.0959425,Diesel
2011-12-05,140.99401,Diesel
2011-12-12,140.9523045,Diesel
2011-12-19,140.92594400000002,Diesel
2011-12-26,140.77337500000002,Diesel
2012-01-02,140.83631,Diesel
2012-01-09,141.004635,Diesel
2012-01-16,141.6858805,Diesel
2012-01-23,142.06083399999997,Diesel
2012-01-30,142.44726200000002,Diesel
2012-02-06,142.23780000000002,Diesel
2012-02-13,142.8253785,Diesel
2012-02-20,143.152108155,Diesel
2012-02-27,143.92049050000003,Diesel
2012-03-05,144.7115055,Diesel
2012-03-12,145.146128,Diesel
2012-03-19,146.16103549999997,Diesel
2012-03-26,146.5582655,Diesel
2012-04-02,147.679775,Diesel
2012-04-09,148.0034515,Diesel
2012-04-16,148.0377095,Diesel
2012-04-23,147.96124350000002,Diesel
2012-04-30,147.0520665,Diesel
2012-05-07,146.39621200000002,Diesel
2012-05-14,144.51881,Diesel
2012-05-21,141.746612,Diesel
2012-05-28,140.493994,Diesel
2012-06-04,139.958044,Diesel
2012-06-11,139.582426,Diesel
2012-06-18,137.710644,Diesel
2012-06-25,137.20447600000003,Diesel
2012-07-02,135.90737000000001,Diesel
2012-07-09,136.436738,Diesel
2012-07-16,136.847234,Diesel
2012-07-23,137.720458,Diesel
2012-07-30,138.251048,Diesel
2012-08-06,138.7893,Diesel
2012-08-13,139.460562,Diesel
2012-08-20,140.78570600000003,Diesel
2012-08-27,142.168836,Diesel
2012-09-03,142.87187200000002,Diesel
2012-09-10,143.655124,Diesel
2012-09-17,144.17528600000003,Diesel
2012-09-24,144.356654,Diesel
2012-10-01,143.283734,Diesel
2012-10-08,143.04659800000002,Diesel
2012-10-15,143.234956,Diesel
2012-10-22,143.226978,Diesel
2012-10-29,142.998066,Diesel
2012-11-05,142.753433,Diesel
2012-11-12,141.74304,Diesel
2012-11-19,141.327756,Diesel
2012-11-26,141.127708,Diesel
2012-12-03,140.905264,Diesel
2012-12-10,140.76424,Diesel
2012-12-17,140.07936999999998,Diesel
2012-12-24,139.838594,Diesel
2012-12-31,139.81163,Diesel
2013-01-07,139.75267300000002,Diesel
2013-01-14,139.67838,Diesel
2013-01-21,139.952684,Diesel
2013-01-28,140.766412,Diesel
2013-02-04,141.910072,Diesel
2013-02-11,143.02667200000002,Diesel
2013-02-18,144.170064,Diesel
2013-02-25,145.54502000000002,Diesel
2013-03-04,146.34438,Diesel
2013-03-11,146.71072,Diesel
2013-03-18,144.841696,Diesel
2013-03-25,144.334302,Diesel
2013-04-01,143.506238,Diesel
2013-04-08,143.13313399999998,Diesel
2013-04-15,141.665096,Diesel
2013-04-22,140.63922599999998,Diesel
2013-04-29,139.59394400000002,Diesel
2013-05-06,138.540578,Diesel
2013-05-13,138.26707199999998,Diesel
2013-05-20,138.424342,Diesel
2013-05-27,138.81604299999998,Diesel
2013-06-03,139.17138699999998,Diesel
2013-06-10,139.433402,Diesel
2013-06-17,139.536798,Diesel
2013-06-24,139.636392,Diesel
2013-07-01,138.514228,Diesel
2013-07-08,138.730852,Diesel
2013-07-15,139.83587,Diesel
2013-07-22,140.72110600000002,Diesel
2013-07-29,141.4359,Diesel
2013-08-05,141.67454,Diesel
2013-08-12,141.822056,Diesel
2013-08-19,141.73261600000004,Diesel
2013-08-28,141.777568,Diesel
2013-09-02,142.09303799999998,Diesel
2013-09-09,142.670812,Diesel
2013-09-16,142.520394,Diesel
2013-09-23,142.088496,Diesel
2013-09-30,140.19415999999998,Diesel
2013-10-07,138.833854,Diesel
2013-10-14,139.15173300000004,Diesel
2013-10-21,138.994364,Diesel
2013-10-28,138.877855,Diesel
2013-11-04,137.51446800000002,Diesel
2013-11-11,137.32368400000001,Diesel
2013-11-18,137.47142200000002,Diesel
2013-11-25,137.721143,Diesel
2013-12-02,137.89806,Diesel
2013-12-09,138.55344100000002,Diesel
2013-12-16,138.841638,Diesel
2013-12-23,138.16987,Diesel
2013-12-30,137.97954800000002,Diesel
2014-01-06,138.114304,Diesel
2014-01-13,138.339549,Diesel
2014-01-20,137.231466,Diesel
2014-01-27,136.93848,Diesel
2014-02-03,136.843692,Diesel
2014-02-10,136.84498,Diesel
2014-02-17,136.80595300000002,Diesel
2014-02-24,136.949798,Diesel
2014-03-03,137.150489,Diesel
2014-03-10,137.078087,Diesel
2014-03-17,136.267264,Diesel
2014-03-24,135.99780400000003,Diesel
2014-03-31,135.886517,Diesel
2014-04-07,136.008986,Diesel
2014-04-14,136.05353000000002,Diesel
2014-04-21,136.115271,Diesel
2014-04-28,135.930394,Diesel
2014-05-05,136.160885,Diesel
2014-05-12,136.36838600000002,Diesel
2014-05-19,136.16587900000002,Diesel
2014-05-26,136.357683,Diesel
2014-06-02,136.37573,Diesel
2014-06-09,136.040524,Diesel
2014-06-16,135.54180200000002,Diesel
2014-06-23,135.500857,Diesel
2014-06-30,136.037584,Diesel
2014-07-07,136.218095,Diesel
2014-07-14,136.170902,Diesel
2014-07-21,135.687292,Diesel
2014-07-28,135.504648,Diesel
2014-08-04,134.30514200000002,Diesel
2014-08-11,133.851055,Diesel
2014-08-18,133.742933,Diesel
2014-08-25,133.1618836912464,Diesel
2014-09-01,132.7681425168446,Diesel
2014-09-08,133.0901707423211,Diesel
2014-09-15,133.13145405940608,Diesel
2014-09-22,133.3189091529623,Diesel
2014-09-29,133.23312085690392,Diesel
2014-10-06,131.43183198251728,Diesel
2014-10-13,131.0819765451586,Diesel
2014-10-20,129.99717782692747,Diesel
2014-10-27,129.71674404436067,Diesel
2014-11-03,128.55709969866805,Diesel
2014-11-10,127.59488314642692,Diesel
2014-11-17,127.30886460251439,Diesel
2014-11-24,127.16689626675107,Diesel
2014-12-01,126.11136628651238,Diesel
2014-12-08,124.78581491139718,Diesel
2014-12-15,122.43040990582345,Diesel
2014-12-22,120.81395354935341,Diesel
2014-12-29,120.36327337434955,Diesel
2015-01-05,117.93335943095734,Diesel
2015-01-12,116.22067961428183,Diesel
2015-01-19,114.32765419282902,Diesel
2015-01-26,113.76040358721184,Diesel
2015-02-02,113.6131025055633,Diesel
2015-02-09,113.90980522702691,Diesel
2015-02-16,114.72561351904383,Diesel
2015-02-23,115.73850957400292,Diesel
2015-03-02,116.6354767356095,Diesel
2015-03-09,117.51039038501291,Diesel
2015-03-16,118.26367215065976,Diesel
2015-03-23,118.71027965878702,Diesel
2015-03-30,118.97182870497286,Diesel
2015-04-06,119.08711266078592,Diesel
2015-04-13,119.14610841678709,Diesel
2015-04-20,119.13872069858513,Diesel
2015-04-27,119.57730631659689,Diesel
2015-05-04,119.99644286750025,Diesel
2015-05-11,120.59334734839467,Diesel
2015-05-18,121.03637913317567,Diesel
2015-05-25,121.31895591605726,Diesel
2015-06-01,121.30045011742648,Diesel
2015-06-08,121.33792309333279,Diesel
2015-06-15,121.30046621305074,Diesel
2015-06-22,121.20601117770603,Diesel
2015-06-29,120.99038837570538,Diesel
2015-07-06,120.76364281723835,Diesel
2015-07-13,118.8318056400137,Diesel
2015-07-20,118.4345219885877,Diesel
2015-07-27,116.95480374041566,Diesel
2015-08-03,115.17019781421585,Diesel
2015-08-10,114.20046738781558,Diesel
2015-08-17,112.04847115024806,Diesel
2015-08-24,111.05011020893085,Diesel
2015-08-31,109.91893825590486,Diesel
2015-09-07,109.78204988293061,Diesel
2015-09-14,109.94565812960917,Diesel
2015-09-21,110.52323544834023,Diesel
2015-09-28,110.44547352581351,Diesel
2015-10-05,110.56755002871846,Diesel
2015-10-12,110.77926596111021,Diesel
2015-10-19,111.174198272,Diesel
2015-10-26,110.60944100000002,Diesel
2015-11-02,110.138251,Diesel
2015-11-09,110.081484,Diesel
2015-11-16,110.318226,Diesel
2015-11-23,110.26946600000001,Diesel
2015-11-30,110.00639999999999,Diesel
2015-12-07,109.92420999999999,Diesel
2015-12-14,108.07378799999998,Diesel
2015-12-21,107.041449,Diesel
2015-12-28,106.43373700000001,Diesel
2016-01-04,106.32158600000001,Diesel
2016-01-11,103.412242,Diesel
2016-01-18,102.805314,Diesel
2016-01-25,101.53855,Diesel
2016-02-01,100.83594000000001,Diesel
2016-02-08,101.138346,Diesel
2016-02-15,101.214269,Diesel
2016-02-22,101.126903,Diesel
2016-02-29,101.380401,Diesel
2016-03-07,101.674595,Diesel
2016-03-14,102.52036000000001,Diesel
2016-03-21,103.63978800000001,Diesel
2016-03-28,104.39663200000001,Diesel
2016-04-04,105.315973,Diesel
2016-04-11,105.978684,Diesel
2016-04-18,106.97005569599999,Diesel
2016-04-25,107.671722,Diesel
2016-05-02,108.57853,Diesel
2016-05-09,109.003659,Diesel
2016-05-16,109.296234,Diesel
2016-05-23,109.90493799999999,Diesel
2016-05-30,110.699954784,Diesel
2016-06-06,111.42730083200001,Diesel
2016-06-13,111.98989100000001,Diesel
2016-06-20,112.310014,Diesel
2016-06-27,112.558359,Diesel
2016-07-04,112.85857999999999,Diesel
2016-07-11,113.092065,Diesel
2016-07-18,112.998727,Diesel
2016-07-25,112.89357600000001,Diesel
2016-08-01,112.42563,Diesel
2016-08-08,111.404402,Diesel
2016-08-15,111.01857000000001,Diesel
2016-08-22,111.706114,Diesel
2016-08-29,112.54914600000001,Diesel
2016-09-05,113.10110699999998,Diesel
2016-09-12,113.419712,Diesel
2016-09-19,113.22531877599998,Diesel
2016-09-26,113.37504576799999,Diesel
2016-10-03,113.70673952,Diesel
2016-10-10,114.403363,Diesel
2016-10-17,115.995878,Diesel
2016-10-24,117.69907500000001,Diesel
2016-10-31,118.41948800000002,Diesel
2016-11-07,119.027192,Diesel
2016-11-14,118.920723,Diesel
2016-11-21,117.42147700000001,Diesel
2016-11-28,116.565416,Diesel
2016-12-05,116.751146,Diesel
2016-12-12,117.51436299999999,Diesel
2016-12-19,118.609262,Diesel
2016-12-26,119.029978,Diesel
2017-01-02,120.03114900000001,Diesel
2017-01-09,121.30311699999999,Diesel
2017-01-16,122.098974,Diesel
2017-01-23,122.745247,Diesel
2017-01-30,123.19443,Diesel
2017-02-06,123.24683099999999,Diesel
2017-02-13,123.170096,Diesel
2017-02-20,123.14599600000001,Diesel
2017-02-27,123.05960499999999,Diesel
2017-03-06,122.895616,Diesel
2017-03-13,122.76747899999998,Diesel
2017-03-20,121.839519,Diesel
2017-03-27,121.07811330400001,Diesel
2017-04-03,119.91559199999999,Diesel
2017-04-10,119.97607199999999,Diesel
2017-04-17,120.36304,Diesel
2017-04-24,120.769471,Diesel
2017-05-01,120.77887400000002,Diesel
2017-05-08,119.340665,Diesel
2017-05-15,117.649216,Diesel
2017-05-22,117.75771,Diesel
2017-05-29,117.88009756000001,Diesel
2017-06-05,117.947298136,Diesel
2017-06-12,117.760837096,Diesel
2017-06-19,117.179143,Diesel
2017-06-26,116.256883,Diesel
2017-07-03,115.62853399999999,Diesel
2017-07-10,115.29017899999998,Diesel
2017-07-17,115.58325500000001,Diesel
2017-07-24,115.729385,Diesel
2017-07-31,115.989298,Diesel
2017-08-07,116.64198000000002,Diesel
2017-08-14,117.42689699999998,Diesel
2017-08-21,118.046673,Diesel
2017-08-28,118.241035,Diesel
2017-09-04,118.770002,Diesel
2017-09-11,119.938896,Diesel
2017-09-18,120.59087299999999,Diesel
2017-09-25,120.915867,Diesel
2017-10-02,120.37272200000001,Diesel
2017-10-09,120.51028300000002,Diesel
2017-10-16,120.41775072,Diesel
2017-10-23,120.65185460800001,Diesel
2017-10-30,120.631105,Diesel
2017-11-06,121.270748,Diesel
2017-11-13,122.692883,Diesel
2017-11-20,123.316999,Diesel
2017-11-27,123.79218900000001,Diesel
2017-12-04,123.20770900000002,Diesel
2017-12-11,123.693477,Diesel
2017-12-18,123.810791,Diesel
2017-12-25,123.429379,Diesel
2018-01-01,123.51162099999999,Diesel
2018-01-08,123.97098400000002,Diesel
2018-01-15,124.57901999999999,Diesel
2018-01-22,125.067069,Diesel
2018-01-29,125.320814,Diesel
2018-02-05,125.364497,Diesel
2018-02-12,125.01909800000001,Diesel
2018-02-19,124.181954,Diesel
2018-02-26,123.088251,Diesel
2018-03-05,122.91854,Diesel
2018-03-12,122.95577499999999,Diesel
2018-03-19,122.83579800000001,Diesel
2018-03-26,122.89773199999999,Diesel
2018-04-02,123.053109,Diesel
2018-04-09,123.58152700000001,Diesel
2018-04-16,124.28966511200001,Diesel
2018-04-23,125.387530168,Diesel
2018-04-30,126.012658,Diesel
2018-05-07,126.991487,Diesel
2018-05-14,128.28306999999998,Diesel
2018-05-21,130.03868,Diesel
2018-05-28,131.65999488,Diesel
2018-06-04,132.34200096,Diesel
2018-06-11,132.620206,Diesel
2018-06-18,131.983036,Diesel
2018-06-25,131.266035,Diesel
2018-07-02,130.833138,Diesel
2018-07-09,131.530137,Diesel
2018-07-16,131.849398,Diesel
2018-07-23,131.900865,Diesel
2018-07-30,131.939202,Diesel
2018-08-06,132.388324,Diesel
2018-08-13,132.56224400000002,Diesel
2018-08-20,132.97248100000002,Diesel
2018-08-27,133.200419,Diesel
2018-09-03,133.66730900000002,Diesel
2018-09-10,134.30754699999997,Diesel
2018-09-17,134.56762,Diesel
2018-09-24,134.76879300000002,Diesel
2018-10-01,134.85787044,Diesel
2018-10-08,135.532345496,Diesel
2018-10-15,136.627661112,Diesel
2018-10-22,136.926725,Diesel
2018-10-29,136.993692,Diesel
2018-11-05,137.029427,Diesel
2018-11-12,137.08407,Diesel
2018-11-19,136.384033,Diesel
2018-11-26,135.427627,Diesel
2018-12-03,134.3822212,Diesel
2018-12-10,132.50459,Diesel
2018-12-17,131.259118,Diesel
2018-12-24,130.906953,Diesel
2018-12-31,130.258599,Diesel
2019-01-07,130.32910800000002,Diesel
2019-01-14,129.46869099999998,Diesel
2019-01-21,128.92254433600002,Diesel
2019-01-28,129.09685058399998,Diesel
2019-02-04,129.133077,Diesel
2019-02-11,129.17187099999998,Diesel
2019-02-18,129.232439,Diesel
2019-02-25,129.662673,Diesel
2019-03-04,130.250911,Diesel
2019-03-11,130.591866424,Diesel
2019-03-18,130.85225,Diesel
2019-03-25,131.152132,Diesel
2019-04-01,131.48396620800003,Diesel
2019-04-08,132.084246,Diesel
2019-04-15,132.96357799999998,Diesel
2019-04-22,133.993045,Diesel
2019-04-29,134.60391199999998,Diesel
2019-05-06,135.40746299999998,Diesel
2019-05-13,135.35876199999998,Diesel
2019-05-20,135.822566,Diesel
2019-05-27,136.446383,Diesel
2019-06-03,136.393553,Diesel
2019-06-10,135.4017,Diesel
2019-06-17,133.758456,Diesel
2019-06-24,131.813941,Diesel
2019-07-01,131.554757,Diesel
2019-07-08,131.68070699999998,Diesel
2019-07-15,131.859849,Diesel
2019-07-22,132.214248,Diesel
2019-07-29,132.596144,Diesel
2019-08-05,132.605733,Diesel
2019-08-12,132.588686,Diesel
2019-08-19,132.595987,Diesel
2019-08-26,132.510855,Diesel
2019-09-02,132.29072,Diesel
2019-09-09,131.886735888,Diesel
2019-09-16,131.34646808,Diesel
2019-09-23,131.523174664,Diesel
2019-09-30,131.83384999999998,Diesel
2019-10-07,131.82080299999998,Diesel
2019-10-14,131.89290799999998,Diesel
2019-10-21,131.27925299999998,Diesel
2019-10-28,130.603532,Diesel
2019-11-04,130.376095,Diesel
2019-11-11,130.42490999999998,Diesel
2019-11-18,130.345595,Diesel
2019-11-25,130.078313,Diesel
2019-12-02,129.793833,Diesel
2019-12-09,129.790185,Diesel
2019-12-16,129.561762,Diesel
2019-12-23,129.81113200000001,Diesel
2019-12-30,130.542046,Diesel
2020-01-06,131.555157,Diesel
2020-01-13,132.688235,Diesel
2020-01-20,132.739754,Diesel
2020-01-27,132.880881,Diesel
2020-02-03,131.475672,Diesel
2020-02-10,129.704447,Diesel
2020-02-17,128.202849,Diesel
2020-02-24,127.67442647200001,Diesel
2020-03-02,126.622464,Diesel
2020-03-09,126.252648,Diesel
2020-03-16,124.363474,Diesel
2020-03-23,123.40948499999999,Diesel
2020-03-30,118.59799800000002,Diesel
2020-04-06,116.833354,Diesel
2020-04-13,116.150812,Diesel
2020-04-20,115.732573,Diesel
